epoch,train_loss,val_loss,lr
1,7.47306966833784e-06,5.860925988894745e-06,0.0001
